ID	C1	C2	C3	C4	C5	C6	N1	N2	N3	N4	N5	N6
k__Bacteria	100.0	100.0	100.0	100.0	100.0	100.0	100.0	100.0	100.0	100.0	100.0	100.0
k__Bacteria|p__Actinobacteria	0.0	0.0	0.0	6.71046	0.0	0.0	0.42037	31.93298	12.29035	6.63533	28.13126	6.12319
k__Bacteria|p__Actinobacteria|c__Actinobacteria	0.0	0.0	0.0	6.71046	0.0	0.0	0.42037	31.93298	12.29035	6.63533	28.13126	6.12319
k__Bacteria|p__Actinobacteria|c__Actinobacteria|o__Actinomycetales	0.0	0.0	0.0	6.71046	0.0	0.0	0.0	31.93298	12.29035	6.63533	28.13126	6.12319
k__Bacteria|p__Actinobacteria|c__Actinobacteria|o__Actinomycetales|f__Actinomycetaceae	0.0	0.0	0.0	0.0	0.0	0.0	0.0	0.68659	0.0	0.0	0.0	0.0
k__Bacteria|p__Actinobacteria|c__Actinobacteria|o__Actinomycetales|f__Actinomycetaceae|g__Actinomyces	0.0	0.0	0.0	0.0	0.0	0.0	0.0	0.68659	0.0	0.0	0.0	0.0
k__Bacteria|p__Actinobacteria|c__Actinobacteria|o__Actinomycetales|f__Actinomycetaceae|g__Actinomyces|s__Actinomyces_viscosus	0.0	0.0	0.0	0.0	0.0	0.0	0.0	0.68659	0.0	0.0	0.0	0.0
k__Bacteria|p__Actinobacteria|c__Actinobacteria|o__Actinomycetales|f__Actinomycetaceae|g__Actinomyces|s__Actinomyces_viscosus|t__GCF_000175315	0.0	0.0	0.0	0.0	0.0	0.0	0.0	0.68659	0.0	0.0	0.0	0.0
k__Bacteria|p__Actinobacteria|c__Actinobacteria|o__Actinomycetales|f__Corynebacteriaceae	0.0	0.0	0.0	0.0	0.0	0.0	0.0	19.72974	0.0	0.0	0.0	6.12319
k__Bacteria|p__Actinobacteria|c__Actinobacteria|o__Actinomycetales|f__Corynebacteriaceae|g__Corynebacterium	0.0	0.0	0.0	0.0	0.0	0.0	0.0	19.72974	0.0	0.0	0.0	6.12319
k__Bacteria|p__Actinobacteria|c__Actinobacteria|o__Actinomycetales|f__Corynebacteriaceae|g__Corynebacterium|s__Corynebacterium_matruchotii	0.0	0.0	0.0	0.0	0.0	0.0	0.0	19.72974	0.0	0.0	0.0	6.12319
k__Bacteria|p__Actinobacteria|c__Actinobacteria|o__Actinomycetales|f__Corynebacteriaceae|g__Corynebacterium|s__Corynebacterium_matruchotii|t__Corynebacterium_matruchotii_unclassified	0.0	0.0	0.0	0.0	0.0	0.0	0.0	19.72974	0.0	0.0	0.0	6.12319
k__Bacteria|p__Actinobacteria|c__Actinobacteria|o__Actinomycetales|f__Micrococcaceae	0.0	0.0	0.0	6.71046	0.0	0.0	0.0	4.25224	12.29035	6.63533	28.13126	0.0
k__Bacteria|p__Actinobacteria|c__Actinobacteria|o__Actinomycetales|f__Micrococcaceae|g__Rothia	0.0	0.0	0.0	6.71046	0.0	0.0	0.0	4.25224	12.29035	6.63533	28.13126	0.0
k__Bacteria|p__Actinobacteria|c__Actinobacteria|o__Actinomycetales|f__Micrococcaceae|g__Rothia|s__Rothia_dentocariosa	0.0	0.0	0.0	0.0	0.0	0.0	0.0	4.25224	0.0	0.0	0.0	0.0
k__Bacteria|p__Actinobacteria|c__Actinobacteria|o__Actinomycetales|f__Micrococcaceae|g__Rothia|s__Rothia_dentocariosa|t__Rothia_dentocariosa_unclassified	0.0	0.0	0.0	0.0	0.0	0.0	0.0	4.25224	0.0	0.0	0.0	0.0
k__Bacteria|p__Actinobacteria|c__Actinobacteria|o__Actinomycetales|f__Micrococcaceae|g__Rothia|s__Rothia_mucilaginosa	0.0	0.0	0.0	6.71046	0.0	0.0	0.0	0.0	12.29035	6.63533	28.13126	0.0
k__Bacteria|p__Actinobacteria|c__Actinobacteria|o__Actinomycetales|f__Micrococcaceae|g__Rothia|s__Rothia_mucilaginosa|t__Rothia_mucilaginosa_unclassified	0.0	0.0	0.0	6.71046	0.0	0.0	0.0	0.0	12.29035	6.63533	28.13126	0.0
k__Bacteria|p__Actinobacteria|c__Actinobacteria|o__Actinomycetales|f__Propionibacteriaceae	0.0	0.0	0.0	0.0	0.0	0.0	0.0	7.26441	0.0	0.0	0.0	0.0
k__Bacteria|p__Actinobacteria|c__Actinobacteria|o__Actinomycetales|f__Propionibacteriaceae|g__Propionibacterium	0.0	0.0	0.0	0.0	0.0	0.0	0.0	7.26441	0.0	0.0	0.0	0.0
k__Bacteria|p__Actinobacteria|c__Actinobacteria|o__Actinomycetales|f__Propionibacteriaceae|g__Propionibacterium|s__Propionibacterium_propionicum	0.0	0.0	0.0	0.0	0.0	0.0	0.0	7.26441	0.0	0.0	0.0	0.0
k__Bacteria|p__Actinobacteria|c__Actinobacteria|o__Actinomycetales|f__Propionibacteriaceae|g__Propionibacterium|s__Propionibacterium_propionicum|t__GCF_000277715	0.0	0.0	0.0	0.0	0.0	0.0	0.0	7.26441	0.0	0.0	0.0	0.0
k__Bacteria|p__Actinobacteria|c__Actinobacteria|o__Coriobacteriales	0.0	0.0	0.0	0.0	0.0	0.0	0.42037	0.0	0.0	0.0	0.0	0.0
k__Bacteria|p__Actinobacteria|c__Actinobacteria|o__Coriobacteriales|f__Coriobacteriaceae	0.0	0.0	0.0	0.0	0.0	0.0	0.42037	0.0	0.0	0.0	0.0	0.0
k__Bacteria|p__Actinobacteria|c__Actinobacteria|o__Coriobacteriales|f__Coriobacteriaceae|g__Atopobium	0.0	0.0	0.0	0.0	0.0	0.0	0.42037	0.0	0.0	0.0	0.0	0.0
k__Bacteria|p__Actinobacteria|c__Actinobacteria|o__Coriobacteriales|f__Coriobacteriaceae|g__Atopobium|s__Atopobium_parvulum	0.0	0.0	0.0	0.0	0.0	0.0	0.42037	0.0	0.0	0.0	0.0	0.0
k__Bacteria|p__Actinobacteria|c__Actinobacteria|o__Coriobacteriales|f__Coriobacteriaceae|g__Atopobium|s__Atopobium_parvulum|t__GCF_000024225	0.0	0.0	0.0	0.0	0.0	0.0	0.42037	0.0	0.0	0.0	0.0	0.0
k__Bacteria|p__Bacteroidetes	46.90503	1.58029	10.19564	0.13673	20.45834	53.43467	52.76388	4.99498	0.0	0.0	0.98506	23.87067
k__Bacteria|p__Bacteroidetes|c__Bacteroidetes_noname	0.0	0.0	0.0	0.0	0.0	0.0	0.0	0.0	0.0	0.0	0.0	2.99581
k__Bacteria|p__Bacteroidetes|c__Bacteroidetes_noname|o__Bacteroidetes_noname	0.0	0.0	0.0	0.0	0.0	0.0	0.0	0.0	0.0	0.0	0.0	2.99581
k__Bacteria|p__Bacteroidetes|c__Bacteroidetes_noname|o__Bacteroidetes_noname|f__Bacteroidetes_noname	0.0	0.0	0.0	0.0	0.0	0.0	0.0	0.0	0.0	0.0	0.0	2.99581
k__Bacteria|p__Bacteroidetes|c__Bacteroidetes_noname|o__Bacteroidetes_noname|f__Bacteroidetes_noname|g__Bacteroidetes_noname	0.0	0.0	0.0	0.0	0.0	0.0	0.0	0.0	0.0	0.0	0.0	2.99581
k__Bacteria|p__Bacteroidetes|c__Bacteroidetes_noname|o__Bacteroidetes_noname|f__Bacteroidetes_noname|g__Bacteroidetes_noname|s__Bacteroidetes_oral_taxon_274	0.0	0.0	0.0	0.0	0.0	0.0	0.0	0.0	0.0	0.0	0.0	2.99581
k__Bacteria|p__Bacteroidetes|c__Bacteroidetes_noname|o__Bacteroidetes_noname|f__Bacteroidetes_noname|g__Bacteroidetes_noname|s__Bacteroidetes_oral_taxon_274|t__GCF_000163695	0.0	0.0	0.0	0.0	0.0	0.0	0.0	0.0	0.0	0.0	0.0	2.99581
k__Bacteria|p__Bacteroidetes|c__Bacteroidia	10.71189	1.58029	5.89117	0.13673	4.22637	53.43467	10.81233	4.99498	0.0	0.0	0.19906	12.40686
k__Bacteria|p__Bacteroidetes|c__Bacteroidia|o__Bacteroidales	10.71189	1.58029	5.89117	0.13673	4.22637	53.43467	10.81233	4.99498	0.0	0.0	0.19906	12.40686
k__Bacteria|p__Bacteroidetes|c__Bacteroidia|o__Bacteroidales|f__Porphyromonadaceae	0.0	0.0	0.0	0.0	0.0	0.0	0.0	0.0	0.0	0.0	0.0	3.4164
k__Bacteria|p__Bacteroidetes|c__Bacteroidia|o__Bacteroidales|f__Porphyromonadaceae|g__Porphyromonas	0.0	0.0	0.0	0.0	0.0	0.0	0.0	0.0	0.0	0.0	0.0	3.4164
k__Bacteria|p__Bacteroidetes|c__Bacteroidia|o__Bacteroidales|f__Porphyromonadaceae|g__Porphyromonas|s__Porphyromonas_endodontalis	0.0	0.0	0.0	0.0	0.0	0.0	0.0	0.0	0.0	0.0	0.0	3.4164
k__Bacteria|p__Bacteroidetes|c__Bacteroidia|o__Bacteroidales|f__Porphyromonadaceae|g__Porphyromonas|s__Porphyromonas_endodontalis|t__GCF_000174815	0.0	0.0	0.0	0.0	0.0	0.0	0.0	0.0	0.0	0.0	0.0	3.4164
k__Bacteria|p__Bacteroidetes|c__Bacteroidia|o__Bacteroidales|f__Prevotellaceae	10.71189	1.58029	5.89117	0.13673	4.22637	53.43467	10.81233	4.99498	0.0	0.0	0.19906	8.99045
k__Bacteria|p__Bacteroidetes|c__Bacteroidia|o__Bacteroidales|f__Prevotellaceae|g__Alloprevotella	4.03768	0.0	0.0	0.0	0.0	0.0	4.59159	0.0	0.0	0.0	0.0	0.0
k__Bacteria|p__Bacteroidetes|c__Bacteroidia|o__Bacteroidales|f__Prevotellaceae|g__Alloprevotella|s__Alloprevotella_tannerae	3.79768	0.0	0.0	0.0	0.0	0.0	2.37136	0.0	0.0	0.0	0.0	0.0
k__Bacteria|p__Bacteroidetes|c__Bacteroidia|o__Bacteroidales|f__Prevotellaceae|g__Alloprevotella|s__Alloprevotella_tannerae|t__GCF_000159995	3.79768	0.0	0.0	0.0	0.0	0.0	2.37136	0.0	0.0	0.0	0.0	0.0
k__Bacteria|p__Bacteroidetes|c__Bacteroidia|o__Bacteroidales|f__Prevotellaceae|g__Alloprevotella|s__Alloprevotella_unclassified	0.24	0.0	0.0	0.0	0.0	0.0	2.22023	0.0	0.0	0.0	0.0	0.0
k__Bacteria|p__Bacteroidetes|c__Bacteroidia|o__Bacteroidales|f__Prevotellaceae|g__Prevotella	6.67421	1.58029	5.89117	0.13673	4.22637	53.43467	6.22074	4.99498	0.0	0.0	0.19906	8.99045
k__Bacteria|p__Bacteroidetes|c__Bacteroidia|o__Bacteroidales|f__Prevotellaceae|g__Prevotella|s__Candidatus_Prevotella_conceptionensis	0.0	0.0	0.0	0.0	0.0	0.0	0.0	0.0	0.0	0.0	0.0	4.84689
k__Bacteria|p__Bacteroidetes|c__Bacteroidia|o__Bacteroidales|f__Prevotellaceae|g__Prevotella|s__Candidatus_Prevotella_conceptionensis|t__GCF_000312305	0.0	0.0	0.0	0.0	0.0	0.0	0.0	0.0	0.0	0.0	0.0	4.84689
k__Bacteria|p__Bacteroidetes|c__Bacteroidia|o__Bacteroidales|f__Prevotellaceae|g__Prevotella|s__Prevotella_maculosa	0.0	0.0	0.0	0.0	0.0	0.0	0.0	0.0	0.0	0.0	0.0	0.14898
k__Bacteria|p__Bacteroidetes|c__Bacteroidia|o__Bacteroidales|f__Prevotellaceae|g__Prevotella|s__Prevotella_maculosa|t__Prevotella_maculosa_unclassified	0.0	0.0	0.0	0.0	0.0	0.0	0.0	0.0	0.0	0.0	0.0	0.14898
k__Bacteria|p__Bacteroidetes|c__Bacteroidia|o__Bacteroidales|f__Prevotellaceae|g__Prevotella|s__Prevotella_melaninogenica	0.0	1.58029	5.89117	0.13673	0.0	52.80256	6.22074	4.99498	0.0	0.0	0.19906	0.0
k__Bacteria|p__Bacteroidetes|c__Bacteroidia|o__Bacteroidales|f__Prevotellaceae|g__Prevotella|s__Prevotella_melaninogenica|t__Prevotella_melaninogenica_unclassified	0.0	1.58029	5.89117	0.13673	0.0	52.80256	6.22074	4.99498	0.0	0.0	0.19906	0.0
k__Bacteria|p__Bacteroidetes|c__Bacteroidia|o__Bacteroidales|f__Prevotellaceae|g__Prevotella|s__Prevotella_nanceiensis	0.0	0.0	0.0	0.0	4.22637	0.0	0.0	0.0	0.0	0.0	0.0	0.0
k__Bacteria|p__Bacteroidetes|c__Bacteroidia|o__Bacteroidales|f__Prevotellaceae|g__Prevotella|s__Prevotella_nanceiensis|t__GCF_000379965	0.0	0.0	0.0	0.0	4.22637	0.0	0.0	0.0	0.0	0.0	0.0	0.0
k__Bacteria|p__Bacteroidetes|c__Bacteroidia|o__Bacteroidales|f__Prevotellaceae|g__Prevotella|s__Prevotella_nigrescens	6.67421	0.0	0.0	0.0	0.0	0.0	0.0	0.0	0.0	0.0	0.0	0.69794
k__Bacteria|p__Bacteroidetes|c__Bacteroidia|o__Bacteroidales|f__Prevotellaceae|g__Prevotella|s__Prevotella_nigrescens|t__Prevotella_nigrescens_unclassified	6.67421	0.0	0.0	0.0	0.0	0.0	0.0	0.0	0.0	0.0	0.0	0.69794
k__Bacteria|p__Bacteroidetes|c__Bacteroidia|o__Bacteroidales|f__Prevotellaceae|g__Prevotella|s__Prevotella_oris	0.0	0.0	0.0	0.0	0.0	0.0	0.0	0.0	0.0	0.0	0.0	2.79482
k__Bacteria|p__Bacteroidetes|c__Bacteroidia|o__Bacteroidales|f__Prevotellaceae|g__Prevotella|s__Prevotella_oris|t__Prevotella_oris_unclassified	0.0	0.0	0.0	0.0	0.0	0.0	0.0	0.0	0.0	0.0	0.0	2.79482
k__Bacteria|p__Bacteroidetes|c__Bacteroidia|o__Bacteroidales|f__Prevotellaceae|g__Prevotella|s__Prevotella_oulorum	0.0	0.0	0.0	0.0	0.0	0.0	0.0	0.0	0.0	0.0	0.0	0.50183
k__Bacteria|p__Bacteroidetes|c__Bacteroidia|o__Bacteroidales|f__Prevotellaceae|g__Prevotella|s__Prevotella_oulorum|t__GCF_000224615	0.0	0.0	0.0	0.0	0.0	0.0	0.0	0.0	0.0	0.0	0.0	0.50183
k__Bacteria|p__Bacteroidetes|c__Bacteroidia|o__Bacteroidales|f__Prevotellaceae|g__Prevotella|s__Prevotella_pallens	0.0	0.0	0.0	0.0	0.0	0.44302	0.0	0.0	0.0	0.0	0.0	0.0
k__Bacteria|p__Bacteroidetes|c__Bacteroidia|o__Bacteroidales|f__Prevotellaceae|g__Prevotella|s__Prevotella_pallens|t__GCF_000220255	0.0	0.0	0.0	0.0	0.0	0.44302	0.0	0.0	0.0	0.0	0.0	0.0
k__Bacteria|p__Bacteroidetes|c__Bacteroidia|o__Bacteroidales|f__Prevotellaceae|g__Prevotella|s__Prevotella_salivae	0.0	0.0	0.0	0.0	0.0	0.18909	0.0	0.0	0.0	0.0	0.0	0.0
k__Bacteria|p__Bacteroidetes|c__Bacteroidia|o__Bacteroidales|f__Prevotellaceae|g__Prevotella|s__Prevotella_salivae|t__GCF_000185845	0.0	0.0	0.0	0.0	0.0	0.18909	0.0	0.0	0.0	0.0	0.0	0.0
k__Bacteria|p__Bacteroidetes|c__Flavobacteriia	36.19313	0.0	4.30447	0.0	16.23198	0.0	41.95155	0.0	0.0	0.0	0.78599	8.46801
k__Bacteria|p__Bacteroidetes|c__Flavobacteriia|o__Flavobacteriales	36.19313	0.0	4.30447	0.0	16.23198	0.0	41.95155	0.0	0.0	0.0	0.78599	8.46801
k__Bacteria|p__Bacteroidetes|c__Flavobacteriia|o__Flavobacteriales|f__Flavobacteriaceae	36.19313	0.0	4.30447	0.0	16.23198	0.0	41.95155	0.0	0.0	0.0	0.78599	8.46801
k__Bacteria|p__Bacteroidetes|c__Flavobacteriia|o__Flavobacteriales|f__Flavobacteriaceae|g__Capnocytophaga	36.19313	0.0	4.30447	0.0	16.23198	0.0	41.95155	0.0	0.0	0.0	0.78599	8.46801
k__Bacteria|p__Bacteroidetes|c__Flavobacteriia|o__Flavobacteriales|f__Flavobacteriaceae|g__Capnocytophaga|s__Capnocytophaga_gingivalis	0.0	0.0	0.0	0.0	0.0	0.0	0.15801	0.0	0.0	0.0	0.25338	0.0
k__Bacteria|p__Bacteroidetes|c__Flavobacteriia|o__Flavobacteriales|f__Flavobacteriaceae|g__Capnocytophaga|s__Capnocytophaga_gingivalis|t__GCF_000174755	0.0	0.0	0.0	0.0	0.0	0.0	0.15801	0.0	0.0	0.0	0.25338	0.0
k__Bacteria|p__Bacteroidetes|c__Flavobacteriia|o__Flavobacteriales|f__Flavobacteriaceae|g__Capnocytophaga|s__Capnocytophaga_granulosa	0.0	0.0	0.0	0.0	0.0	0.0	0.0	0.0	0.0	0.0	0.0	1.19938
k__Bacteria|p__Bacteroidetes|c__Flavobacteriia|o__Flavobacteriales|f__Flavobacteriaceae|g__Capnocytophaga|s__Capnocytophaga_granulosa|t__GCF_000411115	0.0	0.0	0.0	0.0	0.0	0.0	0.0	0.0	0.0	0.0	0.0	1.19938
k__Bacteria|p__Bacteroidetes|c__Flavobacteriia|o__Flavobacteriales|f__Flavobacteriaceae|g__Capnocytophaga|s__Capnocytophaga_unclassified	36.19313	0.0	4.30447	0.0	16.23198	0.0	41.79354	0.0	0.0	0.0	0.53261	7.26863
k__Bacteria|p__Firmicutes	13.56239	1.91718	9.68816	23.20321	6.57608	31.84637	26.03704	32.33624	46.06213	29.64296	23.32222	25.14042
k__Bacteria|p__Firmicutes|c__Bacilli	5.72049	0.0	6.96584	16.45336	6.57608	2.1928	22.23229	7.77199	38.76525	26.51169	6.07137	8.72257
k__Bacteria|p__Firmicutes|c__Bacilli|o__Bacillales	5.72049	0.0	6.96584	7.6399	1.6013	0.19008	4.36279	0.0	16.95257	15.57196	0.78095	1.89073
k__Bacteria|p__Firmicutes|c__Bacilli|o__Bacillales|f__Bacillales_noname	5.72049	0.0	6.96584	7.6399	1.6013	0.19008	4.36279	0.0	16.95257	15.57196	0.78095	1.89073
k__Bacteria|p__Firmicutes|c__Bacilli|o__Bacillales|f__Bacillales_noname|g__Gemella	5.72049	0.0	6.96584	7.6399	1.6013	0.19008	4.36279	0.0	16.95257	15.57196	0.78095	1.89073
k__Bacteria|p__Firmicutes|c__Bacilli|o__Bacillales|f__Bacillales_noname|g__Gemella|s__Gemella_haemolysans	0.0	0.0	2.05258	7.6399	0.0	0.0	0.0	0.0	0.0	15.57196	0.0	1.10562
k__Bacteria|p__Firmicutes|c__Bacilli|o__Bacillales|f__Bacillales_noname|g__Gemella|s__Gemella_haemolysans|t__Gemella_haemolysans_unclassified	0.0	0.0	2.05258	7.6399	0.0	0.0	0.0	0.0	0.0	15.57196	0.0	1.10562
k__Bacteria|p__Firmicutes|c__Bacilli|o__Bacillales|f__Bacillales_noname|g__Gemella|s__Gemella_morbillorum	5.72049	0.0	0.0	0.0	1.6013	0.0	4.36279	0.0	0.0	0.0	0.0	0.0
k__Bacteria|p__Firmicutes|c__Bacilli|o__Bacillales|f__Bacillales_noname|g__Gemella|s__Gemella_morbillorum|t__GCF_000185645	5.72049	0.0	0.0	0.0	1.6013	0.0	4.36279	0.0	0.0	0.0	0.0	0.0
k__Bacteria|p__Firmicutes|c__Bacilli|o__Bacillales|f__Bacillales_noname|g__Gemella|s__Gemella_sanguinis	0.0	0.0	1.18598	0.0	0.0	0.0	0.0	0.0	16.95257	0.0	0.78095	0.0
k__Bacteria|p__Firmicutes|c__Bacilli|o__Bacillales|f__Bacillales_noname|g__Gemella|s__Gemella_sanguinis|t__GCF_000204335	0.0	0.0	1.18598	0.0	0.0	0.0	0.0	0.0	16.95257	0.0	0.78095	0.0
k__Bacteria|p__Firmicutes|c__Bacilli|o__Bacillales|f__Bacillales_noname|g__Gemella|s__Gemella_unclassified	0.0	0.0	3.72728	0.0	0.0	0.19008	0.0	0.0	0.0	0.0	0.0	0.7851
k__Bacteria|p__Firmicutes|c__Bacilli|o__Lactobacillales	0.0	0.0	0.0	8.81347	4.97478	2.00272	17.86949	7.77199	21.81268	10.93973	5.29042	6.83184
k__Bacteria|p__Firmicutes|c__Bacilli|o__Lactobacillales|f__Carnobacteriaceae	0.0	0.0	0.0	0.0	4.97478	0.0	0.0	0.0	1.94158	0.0	0.0	0.0
k__Bacteria|p__Firmicutes|c__Bacilli|o__Lactobacillales|f__Carnobacteriaceae|g__Granulicatella	0.0	0.0	0.0	0.0	4.97478	0.0	0.0	0.0	1.94158	0.0	0.0	0.0
k__Bacteria|p__Firmicutes|c__Bacilli|o__Lactobacillales|f__Carnobacteriaceae|g__Granulicatella|s__Granulicatella_adiacens	0.0	0.0	0.0	0.0	0.0	0.0	0.0	0.0	0.44637	0.0	0.0	0.0
k__Bacteria|p__Firmicutes|c__Bacilli|o__Lactobacillales|f__Carnobacteriaceae|g__Granulicatella|s__Granulicatella_adiacens|t__GCF_000160675	0.0	0.0	0.0	0.0	0.0	0.0	0.0	0.0	0.44637	0.0	0.0	0.0
k__Bacteria|p__Firmicutes|c__Bacilli|o__Lactobacillales|f__Carnobacteriaceae|g__Granulicatella|s__Granulicatella_elegans	0.0	0.0	0.0	0.0	2.61017	0.0	0.0	0.0	0.0	0.0	0.0	0.0
k__Bacteria|p__Firmicutes|c__Bacilli|o__Lactobacillales|f__Carnobacteriaceae|g__Granulicatella|s__Granulicatella_elegans|t__GCF_000162475	0.0	0.0	0.0	0.0	2.61017	0.0	0.0	0.0	0.0	0.0	0.0	0.0
k__Bacteria|p__Firmicutes|c__Bacilli|o__Lactobacillales|f__Carnobacteriaceae|g__Granulicatella|s__Granulicatella_unclassified	0.0	0.0	0.0	0.0	2.36461	0.0	0.0	0.0	1.49521	0.0	0.0	0.0
k__Bacteria|p__Firmicutes|c__Bacilli|o__Lactobacillales|f__Streptococcaceae	0.0	0.0	0.0	8.81347	0.0	2.00272	17.86949	7.77199	19.8711	10.93973	5.29042	6.83184
k__Bacteria|p__Firmicutes|c__Bacilli|o__Lactobacillales|f__Streptococcaceae|g__Streptococcus	0.0	0.0	0.0	8.81347	0.0	2.00272	17.86949	7.77199	19.8711	10.93973	5.29042	6.83184
k__Bacteria|p__Firmicutes|c__Bacilli|o__Lactobacillales|f__Streptococcaceae|g__Streptococcus|s__Streptococcus_australis	0.0	0.0	0.0	0.0	0.0	0.0	0.0	0.0	7.83545	0.0	1.72706	0.0
k__Bacteria|p__Firmicutes|c__Bacilli|o__Lactobacillales|f__Streptococcaceae|g__Streptococcus|s__Streptococcus_australis|t__Streptococcus_australis_unclassified	0.0	0.0	0.0	0.0	0.0	0.0	0.0	0.0	7.83545	0.0	1.72706	0.0
k__Bacteria|p__Firmicutes|c__Bacilli|o__Lactobacillales|f__Streptococcaceae|g__Streptococcus|s__Streptococcus_gordonii	0.0	0.0	0.0	0.0	0.0	0.0	0.0	6.63378	0.0	0.0	0.0	0.0
k__Bacteria|p__Firmicutes|c__Bacilli|o__Lactobacillales|f__Streptococcaceae|g__Streptococcus|s__Streptococcus_gordonii|t__GCF_000017005	0.0	0.0	0.0	0.0	0.0	0.0	0.0	6.63378	0.0	0.0	0.0	0.0
k__Bacteria|p__Firmicutes|c__Bacilli|o__Lactobacillales|f__Streptococcaceae|g__Streptococcus|s__Streptococcus_infantis	0.0	0.0	0.0	0.0	0.0	0.0	0.0	0.0	11.96985	0.0	1.75604	0.0
k__Bacteria|p__Firmicutes|c__Bacilli|o__Lactobacillales|f__Streptococcaceae|g__Streptococcus|s__Streptococcus_infantis|t__Streptococcus_infantis_unclassified	0.0	0.0	0.0	0.0	0.0	0.0	0.0	0.0	11.96985	0.0	1.75604	0.0
k__Bacteria|p__Firmicutes|c__Bacilli|o__Lactobacillales|f__Streptococcaceae|g__Streptococcus|s__Streptococcus_mitis_oralis_pneumoniae	0.0	0.0	0.0	2.30083	0.0	0.0	17.86949	0.0	0.0	6.21909	0.81872	6.03203
k__Bacteria|p__Firmicutes|c__Bacilli|o__Lactobacillales|f__Streptococcaceae|g__Streptococcus|s__Streptococcus_mitis_oralis_pneumoniae|t__Streptococcus_mitis_oralis_pneumoniae_unclassified	0.0	0.0	0.0	2.30083	0.0	0.0	17.86949	0.0	0.0	6.21909	0.81872	6.03203
k__Bacteria|p__Firmicutes|c__Bacilli|o__Lactobacillales|f__Streptococcaceae|g__Streptococcus|s__Streptococcus_parasanguinis	0.0	0.0	0.0	6.51264	0.0	2.00272	0.0	1.13822	0.06579	4.72064	0.9886	0.0
k__Bacteria|p__Firmicutes|c__Bacilli|o__Lactobacillales|f__Streptococcaceae|g__Streptococcus|s__Streptococcus_parasanguinis|t__Streptococcus_parasanguinis_unclassified	0.0	0.0	0.0	6.51264	0.0	2.00272	0.0	1.13822	0.06579	4.72064	0.9886	0.0
k__Bacteria|p__Firmicutes|c__Bacilli|o__Lactobacillales|f__Streptococcaceae|g__Streptococcus|s__Streptococcus_sanguinis	0.0	0.0	0.0	0.0	0.0	0.0	0.0	0.0	0.0	0.0	0.0	0.79981
k__Bacteria|p__Firmicutes|c__Bacilli|o__Lactobacillales|f__Streptococcaceae|g__Streptococcus|s__Streptococcus_sanguinis|t__Streptococcus_sanguinis_unclassified	0.0	0.0	0.0	0.0	0.0	0.0	0.0	0.0	0.0	0.0	0.0	0.79981
k__Bacteria|p__Firmicutes|c__Clostridia	6.59975	0.0	0.0	0.6323	0.0	1.04223	0.0	0.0	0.0	0.0	0.0	0.26827
k__Bacteria|p__Firmicutes|c__Clostridia|o__Clostridiales	6.59975	0.0	0.0	0.6323	0.0	1.04223	0.0	0.0	0.0	0.0	0.0	0.26827
k__Bacteria|p__Firmicutes|c__Clostridia|o__Clostridiales|f__Clostridiales_Family_XIII_Incertae_Sedis	0.0	0.0	0.0	0.0	0.0	1.04223	0.0	0.0	0.0	0.0	0.0	0.0
k__Bacteria|p__Firmicutes|c__Clostridia|o__Clostridiales|f__Clostridiales_Family_XIII_Incertae_Sedis|g__Clostridiales_Family_XIII_Incertae_Sedis_unclassified	0.0	0.0	0.0	0.0	0.0	1.04223	0.0	0.0	0.0	0.0	0.0	0.0
k__Bacteria|p__Firmicutes|c__Clostridia|o__Clostridiales|f__Clostridiales_Family_XI_Incertae_Sedis	0.77579	0.0	0.0	0.0	0.0	0.0	0.0	0.0	0.0	0.0	0.0	0.0
k__Bacteria|p__Firmicutes|c__Clostridia|o__Clostridiales|f__Clostridiales_Family_XI_Incertae_Sedis|g__Parvimonas	0.77579	0.0	0.0	0.0	0.0	0.0	0.0	0.0	0.0	0.0	0.0	0.0
k__Bacteria|p__Firmicutes|c__Clostridia|o__Clostridiales|f__Clostridiales_Family_XI_Incertae_Sedis|g__Parvimonas|s__Parvimonas_micra	0.77579	0.0	0.0	0.0	0.0	0.0	0.0	0.0	0.0	0.0	0.0	0.0
k__Bacteria|p__Firmicutes|c__Clostridia|o__Clostridiales|f__Clostridiales_Family_XI_Incertae_Sedis|g__Parvimonas|s__Parvimonas_micra|t__GCF_000154405	0.77579	0.0	0.0	0.0	0.0	0.0	0.0	0.0	0.0	0.0	0.0	0.0
k__Bacteria|p__Firmicutes|c__Clostridia|o__Clostridiales|f__Lachnospiraceae	1.25102	0.0	0.0	0.6323	0.0	0.0	0.0	0.0	0.0	0.0	0.0	0.26827
k__Bacteria|p__Firmicutes|c__Clostridia|o__Clostridiales|f__Lachnospiraceae|g__Catonella	1.25102	0.0	0.0	0.0	0.0	0.0	0.0	0.0	0.0	0.0	0.0	0.0
k__Bacteria|p__Firmicutes|c__Clostridia|o__Clostridiales|f__Lachnospiraceae|g__Catonella|s__Catonella_morbi	1.25102	0.0	0.0	0.0	0.0	0.0	0.0	0.0	0.0	0.0	0.0	0.0
k__Bacteria|p__Firmicutes|c__Clostridia|o__Clostridiales|f__Lachnospiraceae|g__Catonella|s__Catonella_morbi|t__GCF_000160035	1.25102	0.0	0.0	0.0	0.0	0.0	0.0	0.0	0.0	0.0	0.0	0.0
k__Bacteria|p__Firmicutes|c__Clostridia|o__Clostridiales|f__Lachnospiraceae|g__Lachnoanaerobaculum	0.0	0.0	0.0	0.0	0.0	0.0	0.0	0.0	0.0	0.0	0.0	0.26827
k__Bacteria|p__Firmicutes|c__Clostridia|o__Clostridiales|f__Lachnospiraceae|g__Lachnoanaerobaculum|s__Lachnoanaerobaculum_saburreum	0.0	0.0	0.0	0.0	0.0	0.0	0.0	0.0	0.0	0.0	0.0	0.26827
k__Bacteria|p__Firmicutes|c__Clostridia|o__Clostridiales|f__Lachnospiraceae|g__Lachnoanaerobaculum|s__Lachnoanaerobaculum_saburreum|t__Lachnoanaerobaculum_saburreum_unclassified	0.0	0.0	0.0	0.0	0.0	0.0	0.0	0.0	0.0	0.0	0.0	0.26827
k__Bacteria|p__Firmicutes|c__Clostridia|o__Clostridiales|f__Lachnospiraceae|g__Oribacterium	0.0	0.0	0.0	0.6323	0.0	0.0	0.0	0.0	0.0	0.0	0.0	0.0
k__Bacteria|p__Firmicutes|c__Clostridia|o__Clostridiales|f__Lachnospiraceae|g__Oribacterium|s__Oribacterium_sinus	0.0	0.0	0.0	0.6323	0.0	0.0	0.0	0.0	0.0	0.0	0.0	0.0
k__Bacteria|p__Firmicutes|c__Clostridia|o__Clostridiales|f__Lachnospiraceae|g__Oribacterium|s__Oribacterium_sinus|t__GCF_000160635	0.0	0.0	0.0	0.6323	0.0	0.0	0.0	0.0	0.0	0.0	0.0	0.0
k__Bacteria|p__Firmicutes|c__Clostridia|o__Clostridiales|f__Peptostreptococcaceae	4.57293	0.0	0.0	0.0	0.0	0.0	0.0	0.0	0.0	0.0	0.0	0.0
k__Bacteria|p__Firmicutes|c__Clostridia|o__Clostridiales|f__Peptostreptococcaceae|g__Filifactor	4.35292	0.0	0.0	0.0	0.0	0.0	0.0	0.0	0.0	0.0	0.0	0.0
k__Bacteria|p__Firmicutes|c__Clostridia|o__Clostridiales|f__Peptostreptococcaceae|g__Filifactor|s__Filifactor_alocis	4.35292	0.0	0.0	0.0	0.0	0.0	0.0	0.0	0.0	0.0	0.0	0.0
k__Bacteria|p__Firmicutes|c__Clostridia|o__Clostridiales|f__Peptostreptococcaceae|g__Filifactor|s__Filifactor_alocis|t__GCF_000163895	4.35292	0.0	0.0	0.0	0.0	0.0	0.0	0.0	0.0	0.0	0.0	0.0
k__Bacteria|p__Firmicutes|c__Clostridia|o__Clostridiales|f__Peptostreptococcaceae|g__Peptostreptococcus	0.22002	0.0	0.0	0.0	0.0	0.0	0.0	0.0	0.0	0.0	0.0	0.0
k__Bacteria|p__Firmicutes|c__Clostridia|o__Clostridiales|f__Peptostreptococcaceae|g__Peptostreptococcus|s__Peptostreptococcus_unclassified	0.22002	0.0	0.0	0.0	0.0	0.0	0.0	0.0	0.0	0.0	0.0	0.0
k__Bacteria|p__Firmicutes|c__Erysipelotrichia	1.24216	0.0	0.0	0.0	0.0	0.0	0.0	0.0	0.0	0.0	0.0	0.0
k__Bacteria|p__Firmicutes|c__Erysipelotrichia|o__Erysipelotrichales	1.24216	0.0	0.0	0.0	0.0	0.0	0.0	0.0	0.0	0.0	0.0	0.0
k__Bacteria|p__Firmicutes|c__Erysipelotrichia|o__Erysipelotrichales|f__Erysipelotrichaceae	1.24216	0.0	0.0	0.0	0.0	0.0	0.0	0.0	0.0	0.0	0.0	0.0
k__Bacteria|p__Firmicutes|c__Erysipelotrichia|o__Erysipelotrichales|f__Erysipelotrichaceae|g__Solobacterium	1.24216	0.0	0.0	0.0	0.0	0.0	0.0	0.0	0.0	0.0	0.0	0.0
k__Bacteria|p__Firmicutes|c__Erysipelotrichia|o__Erysipelotrichales|f__Erysipelotrichaceae|g__Solobacterium|s__Solobacterium_moorei	1.24216	0.0	0.0	0.0	0.0	0.0	0.0	0.0	0.0	0.0	0.0	0.0
k__Bacteria|p__Firmicutes|c__Erysipelotrichia|o__Erysipelotrichales|f__Erysipelotrichaceae|g__Solobacterium|s__Solobacterium_moorei|t__GCF_000186945	1.24216	0.0	0.0	0.0	0.0	0.0	0.0	0.0	0.0	0.0	0.0	0.0
k__Bacteria|p__Firmicutes|c__Negativicutes	0.0	1.91718	2.72231	6.11755	0.0	28.61134	3.80476	24.56425	7.29688	3.13128	17.25085	16.14958
k__Bacteria|p__Firmicutes|c__Negativicutes|o__Selenomonadales	0.0	1.91718	2.72231	6.11755	0.0	28.61134	3.80476	24.56425	7.29688	3.13128	17.25085	16.14958
k__Bacteria|p__Firmicutes|c__Negativicutes|o__Selenomonadales|f__Veillonellaceae	0.0	1.91718	2.72231	6.11755	0.0	28.61134	3.80476	24.56425	7.29688	3.13128	17.25085	16.14958
k__Bacteria|p__Firmicutes|c__Negativicutes|o__Selenomonadales|f__Veillonellaceae|g__Dialister	0.0	0.0	0.0	0.0	0.0	0.0	0.14914	0.0	0.0	0.0	0.0	1.10634
k__Bacteria|p__Firmicutes|c__Negativicutes|o__Selenomonadales|f__Veillonellaceae|g__Dialister|s__Dialister_invisus	0.0	0.0	0.0	0.0	0.0	0.0	0.14914	0.0	0.0	0.0	0.0	1.10634
k__Bacteria|p__Firmicutes|c__Negativicutes|o__Selenomonadales|f__Veillonellaceae|g__Dialister|s__Dialister_invisus|t__GCF_000160055	0.0	0.0	0.0	0.0	0.0	0.0	0.14914	0.0	0.0	0.0	0.0	1.10634
k__Bacteria|p__Firmicutes|c__Negativicutes|o__Selenomonadales|f__Veillonellaceae|g__Selenomonas	0.0	0.0	0.0	0.0	0.0	0.0	0.0	0.0	0.0	0.0	0.0	1.11901
k__Bacteria|p__Firmicutes|c__Negativicutes|o__Selenomonadales|f__Veillonellaceae|g__Selenomonas|s__Selenomonas_noxia	0.0	0.0	0.0	0.0	0.0	0.0	0.0	0.0	0.0	0.0	0.0	1.11901
k__Bacteria|p__Firmicutes|c__Negativicutes|o__Selenomonadales|f__Veillonellaceae|g__Selenomonas|s__Selenomonas_noxia|t__Selenomonas_noxia_unclassified	0.0	0.0	0.0	0.0	0.0	0.0	0.0	0.0	0.0	0.0	0.0	1.11901
k__Bacteria|p__Firmicutes|c__Negativicutes|o__Selenomonadales|f__Veillonellaceae|g__Veillonella	0.0	1.91718	2.72231	6.11755	0.0	28.61134	3.65562	24.56425	7.29688	3.13128	17.25085	13.92422
k__Bacteria|p__Firmicutes|c__Negativicutes|o__Selenomonadales|f__Veillonellaceae|g__Veillonella|s__Veillonella_atypica	0.0	0.0	0.0	0.0	0.0	28.61134	0.0	0.0	0.0	0.0	0.0	0.0
k__Bacteria|p__Firmicutes|c__Negativicutes|o__Selenomonadales|f__Veillonellaceae|g__Veillonella|s__Veillonella_atypica|t__Veillonella_atypica_unclassified	0.0	0.0	0.0	0.0	0.0	28.61134	0.0	0.0	0.0	0.0	0.0	0.0
k__Bacteria|p__Firmicutes|c__Negativicutes|o__Selenomonadales|f__Veillonellaceae|g__Veillonella|s__Veillonella_dispar	0.0	0.0	0.0	0.0	0.0	0.0	0.0	0.29041	0.0	0.0	0.22314	0.0
k__Bacteria|p__Firmicutes|c__Negativicutes|o__Selenomonadales|f__Veillonellaceae|g__Veillonella|s__Veillonella_dispar|t__GCF_000160015	0.0	0.0	0.0	0.0	0.0	0.0	0.0	0.29041	0.0	0.0	0.22314	0.0
k__Bacteria|p__Firmicutes|c__Negativicutes|o__Selenomonadales|f__Veillonellaceae|g__Veillonella|s__Veillonella_parvula	0.0	0.0	0.0	0.73607	0.0	0.0	0.0	10.33495	0.0	0.34342	0.34624	12.14799
k__Bacteria|p__Firmicutes|c__Negativicutes|o__Selenomonadales|f__Veillonellaceae|g__Veillonella|s__Veillonella_parvula|t__Veillonella_parvula_unclassified	0.0	0.0	0.0	0.73607	0.0	0.0	0.0	10.33495	0.0	0.34342	0.34624	12.14799
k__Bacteria|p__Firmicutes|c__Negativicutes|o__Selenomonadales|f__Veillonellaceae|g__Veillonella|s__Veillonella_unclassified	0.0	1.91718	2.72231	5.38148	0.0	0.0	3.65562	13.93889	7.29688	2.78786	16.68146	1.77623
k__Bacteria|p__Fusobacteria	36.75845	0.0	49.5049	13.33948	43.8077	4.14946	11.1148	7.30533	5.45428	5.06707	3.85247	16.24789
k__Bacteria|p__Fusobacteria|c__Fusobacteriia	36.75845	0.0	49.5049	13.33948	43.8077	4.14946	11.1148	7.30533	5.45428	5.06707	3.85247	16.24789
k__Bacteria|p__Fusobacteria|c__Fusobacteriia|o__Fusobacteriales	36.75845	0.0	49.5049	13.33948	43.8077	4.14946	11.1148	7.30533	5.45428	5.06707	3.85247	16.24789
k__Bacteria|p__Fusobacteria|c__Fusobacteriia|o__Fusobacteriales|f__Fusobacteriaceae	34.14482	0.0	34.34448	9.69062	28.56499	2.80071	8.67557	0.0	3.77161	5.06707	2.41282	10.35533
k__Bacteria|p__Fusobacteria|c__Fusobacteriia|o__Fusobacteriales|f__Fusobacteriaceae|g__Fusobacterium	34.14482	0.0	34.34448	9.69062	28.56499	2.80071	8.67557	0.0	3.77161	5.06707	2.41282	10.35533
k__Bacteria|p__Fusobacteria|c__Fusobacteriia|o__Fusobacteriales|f__Fusobacteriaceae|g__Fusobacterium|s__Fusobacterium_nucleatum	34.14482	0.0	23.85938	0.0	28.56499	2.80071	5.80266	0.0	0.24898	0.0	0.65373	10.35533
k__Bacteria|p__Fusobacteria|c__Fusobacteriia|o__Fusobacteriales|f__Fusobacteriaceae|g__Fusobacterium|s__Fusobacterium_nucleatum|t__Fusobacterium_nucleatum_unclassified	34.14482	0.0	23.85938	0.0	28.56499	2.80071	5.80266	0.0	0.24898	0.0	0.65373	10.35533
k__Bacteria|p__Fusobacteria|c__Fusobacteriia|o__Fusobacteriales|f__Fusobacteriaceae|g__Fusobacterium|s__Fusobacterium_periodonticum	0.0	0.0	10.48511	9.69062	0.0	0.0	2.87292	0.0	3.52263	5.06707	1.7591	0.0
k__Bacteria|p__Fusobacteria|c__Fusobacteriia|o__Fusobacteriales|f__Fusobacteriaceae|g__Fusobacterium|s__Fusobacterium_periodonticum|t__Fusobacterium_periodonticum_unclassified	0.0	0.0	10.48511	9.69062	0.0	0.0	2.87292	0.0	3.52263	5.06707	1.7591	0.0
k__Bacteria|p__Fusobacteria|c__Fusobacteriia|o__Fusobacteriales|f__Leptotrichiaceae	2.61363	0.0	15.16041	3.64886	15.2427	1.34875	2.43923	7.30533	1.68268	0.0	1.43964	5.89256
k__Bacteria|p__Fusobacteria|c__Fusobacteriia|o__Fusobacteriales|f__Leptotrichiaceae|g__Leptotrichia	0.0	0.0	0.0	0.0	6.58531	1.34875	0.21782	0.0	0.0	0.0	0.0	5.08254
k__Bacteria|p__Fusobacteria|c__Fusobacteriia|o__Fusobacteriales|f__Leptotrichiaceae|g__Leptotrichiaceae_unclassified	2.61363	0.0	15.16041	3.64886	8.65739	0.0	2.22141	7.30533	1.68268	0.0	1.43964	0.81002
k__Bacteria|p__Fusobacteria|c__Fusobacteriia|o__Fusobacteriales|f__Leptotrichiaceae|g__Leptotrichia|s__Leptotrichia_buccalis	0.0	0.0	0.0	0.0	0.0	0.0	0.0	0.0	0.0	0.0	0.0	2.11061
k__Bacteria|p__Fusobacteria|c__Fusobacteriia|o__Fusobacteriales|f__Leptotrichiaceae|g__Leptotrichia|s__Leptotrichia_buccalis|t__GCF_000023905	0.0	0.0	0.0	0.0	0.0	0.0	0.0	0.0	0.0	0.0	0.0	2.11061
k__Bacteria|p__Fusobacteria|c__Fusobacteriia|o__Fusobacteriales|f__Leptotrichiaceae|g__Leptotrichia|s__Leptotrichia_unclassified	0.0	0.0	0.0	0.0	6.58531	1.09158	0.21782	0.0	0.0	0.0	0.0	2.97192
k__Bacteria|p__Fusobacteria|c__Fusobacteriia|o__Fusobacteriales|f__Leptotrichiaceae|g__Leptotrichia|s__Leptotrichia_wadei	0.0	0.0	0.0	0.0	0.0	0.25717	0.0	0.0	0.0	0.0	0.0	0.0
k__Bacteria|p__Fusobacteria|c__Fusobacteriia|o__Fusobacteriales|f__Leptotrichiaceae|g__Leptotrichia|s__Leptotrichia_wadei|t__Leptotrichia_wadei_unclassified	0.0	0.0	0.0	0.0	0.0	0.25717	0.0	0.0	0.0	0.0	0.0	0.0
k__Bacteria|p__Proteobacteria	2.77413	96.50253	30.61131	56.61012	29.15788	10.5695	9.6639	23.43047	36.19323	58.65464	43.709	27.26466
k__Bacteria|p__Proteobacteria|c__Alphaproteobacteria	0.0	40.03139	2.32289	0.2194	0.0	0.0	0.0	0.0	0.0	0.0	0.0	0.0
k__Bacteria|p__Proteobacteria|c__Alphaproteobacteria|o__Sphingomonadales	0.0	40.03139	2.32289	0.2194	0.0	0.0	0.0	0.0	0.0	0.0	0.0	0.0
k__Bacteria|p__Proteobacteria|c__Alphaproteobacteria|o__Sphingomonadales|f__Sphingomonadaceae	0.0	40.03139	2.32289	0.2194	0.0	0.0	0.0	0.0	0.0	0.0	0.0	0.0
k__Bacteria|p__Proteobacteria|c__Alphaproteobacteria|o__Sphingomonadales|f__Sphingomonadaceae|g__Sphingomonas	0.0	40.03139	2.32289	0.2194	0.0	0.0	0.0	0.0	0.0	0.0	0.0	0.0
k__Bacteria|p__Proteobacteria|c__Alphaproteobacteria|o__Sphingomonadales|f__Sphingomonadaceae|g__Sphingomonas|s__Sphingomonas_melonis	0.0	40.03139	2.32289	0.2194	0.0	0.0	0.0	0.0	0.0	0.0	0.0	0.0
k__Bacteria|p__Proteobacteria|c__Alphaproteobacteria|o__Sphingomonadales|f__Sphingomonadaceae|g__Sphingomonas|s__Sphingomonas_melonis|t__Sphingomonas_melonis_unclassified	0.0	40.03139	2.32289	0.2194	0.0	0.0	0.0	0.0	0.0	0.0	0.0	0.0
k__Bacteria|p__Proteobacteria|c__Betaproteobacteria	1.0468	8.6788	18.12279	35.31968	0.0	1.32125	8.26923	8.77695	26.97374	22.40212	7.68164	4.06148
k__Bacteria|p__Proteobacteria|c__Betaproteobacteria|o__Burkholderiales	0.0	0.0	0.0	0.0	0.0	0.0	0.0	4.00587	0.0	0.0	0.0	0.0
k__Bacteria|p__Proteobacteria|c__Betaproteobacteria|o__Burkholderiales|f__Burkholderiaceae	0.0	0.0	0.0	0.0	0.0	0.0	0.0	4.00587	0.0	0.0	0.0	0.0
k__Bacteria|p__Proteobacteria|c__Betaproteobacteria|o__Burkholderiales|f__Burkholderiaceae|g__Lautropia	0.0	0.0	0.0	0.0	0.0	0.0	0.0	4.00587	0.0	0.0	0.0	0.0
k__Bacteria|p__Proteobacteria|c__Betaproteobacteria|o__Burkholderiales|f__Burkholderiaceae|g__Lautropia|s__Lautropia_mirabilis	0.0	0.0	0.0	0.0	0.0	0.0	0.0	4.00587	0.0	0.0	0.0	0.0
k__Bacteria|p__Proteobacteria|c__Betaproteobacteria|o__Burkholderiales|f__Burkholderiaceae|g__Lautropia|s__Lautropia_mirabilis|t__GCF_000186425	0.0	0.0	0.0	0.0	0.0	0.0	0.0	4.00587	0.0	0.0	0.0	0.0
k__Bacteria|p__Proteobacteria|c__Betaproteobacteria|o__Neisseriales	1.0468	8.6788	18.12279	35.31968	0.0	1.32125	8.26923	4.77107	26.97374	22.40212	7.68164	4.06148
k__Bacteria|p__Proteobacteria|c__Betaproteobacteria|o__Neisseriales|f__Neisseriaceae	1.0468	8.6788	18.12279	35.31968	0.0	1.32125	8.26923	4.77107	26.97374	22.40212	7.68164	4.06148
k__Bacteria|p__Proteobacteria|c__Betaproteobacteria|o__Neisseriales|f__Neisseriaceae|g__Eikenella	1.0468	0.0	0.0	0.0	0.0	0.0	0.0	0.0	0.0	0.0	0.0	0.0
k__Bacteria|p__Proteobacteria|c__Betaproteobacteria|o__Neisseriales|f__Neisseriaceae|g__Eikenella|s__Eikenella_corrodens	1.0468	0.0	0.0	0.0	0.0	0.0	0.0	0.0	0.0	0.0	0.0	0.0
k__Bacteria|p__Proteobacteria|c__Betaproteobacteria|o__Neisseriales|f__Neisseriaceae|g__Eikenella|s__Eikenella_corrodens|t__Eikenella_corrodens_unclassified	1.0468	0.0	0.0	0.0	0.0	0.0	0.0	0.0	0.0	0.0	0.0	0.0
k__Bacteria|p__Proteobacteria|c__Betaproteobacteria|o__Neisseriales|f__Neisseriaceae|g__Neisseria	0.0	8.6788	18.12279	35.31968	0.0	1.32125	8.26923	4.77107	26.97374	22.40212	7.68164	4.06148
k__Bacteria|p__Proteobacteria|c__Betaproteobacteria|o__Neisseriales|f__Neisseriaceae|g__Neisseria|s__Neisseria_flavescens	0.0	0.0	0.0	19.04313	0.0	0.0	0.0	0.0	7.86974	18.47521	6.54031	0.0
k__Bacteria|p__Proteobacteria|c__Betaproteobacteria|o__Neisseriales|f__Neisseriaceae|g__Neisseria|s__Neisseria_flavescens|t__Neisseria_flavescens_unclassified	0.0	0.0	0.0	19.04313	0.0	0.0	0.0	0.0	7.86974	18.47521	6.54031	0.0
k__Bacteria|p__Proteobacteria|c__Betaproteobacteria|o__Neisseriales|f__Neisseriaceae|g__Neisseria|s__Neisseria_meningitidis	0.0	0.0	0.0	1.35495	0.0	0.0	0.0	0.0	0.20801	1.14323	0.0	0.0
k__Bacteria|p__Proteobacteria|c__Betaproteobacteria|o__Neisseriales|f__Neisseriaceae|g__Neisseria|s__Neisseria_meningitidis|t__Neisseria_meningitidis_unclassified	0.0	0.0	0.0	1.35495	0.0	0.0	0.0	0.0	0.20801	1.14323	0.0	0.0
k__Bacteria|p__Proteobacteria|c__Betaproteobacteria|o__Neisseriales|f__Neisseriaceae|g__Neisseria|s__Neisseria_subflava	0.0	0.0	0.0	2.75712	0.0	0.0	0.0	0.0	4.38345	2.78369	0.0	0.0
k__Bacteria|p__Proteobacteria|c__Betaproteobacteria|o__Neisseriales|f__Neisseriaceae|g__Neisseria|s__Neisseria_subflava|t__GCF_000173955	0.0	0.0	0.0	2.75712	0.0	0.0	0.0	0.0	4.38345	2.78369	0.0	0.0
k__Bacteria|p__Proteobacteria|c__Betaproteobacteria|o__Neisseriales|f__Neisseriaceae|g__Neisseria|s__Neisseria_unclassified	0.0	8.6788	18.12279	12.16447	0.0	1.32125	8.26923	4.77107	14.51254	0.0	1.14133	4.06148
k__Bacteria|p__Proteobacteria|c__Epsilonproteobacteria	1.41935	0.0	0.0	0.0	2.71008	0.0	0.0	0.0	0.0	0.0	0.0	2.35791
k__Bacteria|p__Proteobacteria|c__Epsilonproteobacteria|o__Campylobacterales	1.41935	0.0	0.0	0.0	2.71008	0.0	0.0	0.0	0.0	0.0	0.0	2.35791
k__Bacteria|p__Proteobacteria|c__Epsilonproteobacteria|o__Campylobacterales|f__Campylobacteraceae	1.41935	0.0	0.0	0.0	2.71008	0.0	0.0	0.0	0.0	0.0	0.0	2.35791
k__Bacteria|p__Proteobacteria|c__Epsilonproteobacteria|o__Campylobacterales|f__Campylobacteraceae|g__Campylobacter	1.41935	0.0	0.0	0.0	2.71008	0.0	0.0	0.0	0.0	0.0	0.0	2.35791
k__Bacteria|p__Proteobacteria|c__Epsilonproteobacteria|o__Campylobacterales|f__Campylobacteraceae|g__Campylobacter|s__Campylobacter_gracilis	0.0	0.0	0.0	0.0	0.0	0.0	0.0	0.0	0.0	0.0	0.0	2.35791
k__Bacteria|p__Proteobacteria|c__Epsilonproteobacteria|o__Campylobacterales|f__Campylobacteraceae|g__Campylobacter|s__Campylobacter_gracilis|t__GCF_000175875	0.0	0.0	0.0	0.0	0.0	0.0	0.0	0.0	0.0	0.0	0.0	2.35791
k__Bacteria|p__Proteobacteria|c__Epsilonproteobacteria|o__Campylobacterales|f__Campylobacteraceae|g__Campylobacter|s__Campylobacter_showae	1.41935	0.0	0.0	0.0	2.71008	0.0	0.0	0.0	0.0	0.0	0.0	0.0
k__Bacteria|p__Proteobacteria|c__Epsilonproteobacteria|o__Campylobacterales|f__Campylobacteraceae|g__Campylobacter|s__Campylobacter_showae|t__Campylobacter_showae_unclassified	1.41935	0.0	0.0	0.0	2.71008	0.0	0.0	0.0	0.0	0.0	0.0	0.0
k__Bacteria|p__Proteobacteria|c__Gammaproteobacteria	0.30798	47.79233	10.16563	21.07105	26.4478	9.24825	1.39467	14.65352	9.21949	36.25252	36.02736	20.84527
k__Bacteria|p__Proteobacteria|c__Gammaproteobacteria|o__Cardiobacteriales	0.0	0.0	0.0	0.0	0.0	0.0	0.0	6.51801	0.0	0.0	0.0	0.0
k__Bacteria|p__Proteobacteria|c__Gammaproteobacteria|o__Cardiobacteriales|f__Cardiobacteriaceae	0.0	0.0	0.0	0.0	0.0	0.0	0.0	6.51801	0.0	0.0	0.0	0.0
k__Bacteria|p__Proteobacteria|c__Gammaproteobacteria|o__Cardiobacteriales|f__Cardiobacteriaceae|g__Cardiobacteriaceae_unclassified	0.0	0.0	0.0	0.0	0.0	0.0	0.0	6.51801	0.0	0.0	0.0	0.0
k__Bacteria|p__Proteobacteria|c__Gammaproteobacteria|o__Pasteurellales	0.30798	47.79233	10.16563	21.07105	26.4478	9.24825	1.39467	8.13551	9.21949	36.25252	36.02736	20.84527
k__Bacteria|p__Proteobacteria|c__Gammaproteobacteria|o__Pasteurellales|f__Pasteurellaceae	0.30798	47.79233	10.16563	21.07105	26.4478	9.24825	1.39467	8.13551	9.21949	36.25252	36.02736	20.84527
k__Bacteria|p__Proteobacteria|c__Gammaproteobacteria|o__Pasteurellales|f__Pasteurellaceae|g__Actinobacillus	0.0	5.81438	0.0	2.68356	0.0	0.0	0.0	0.0	0.0	6.23115	0.0	0.0
k__Bacteria|p__Proteobacteria|c__Gammaproteobacteria|o__Pasteurellales|f__Pasteurellaceae|g__Actinobacillus|s__Actinobacillus_unclassified	0.0	5.81438	0.0	2.68356	0.0	0.0	0.0	0.0	0.0	6.23115	0.0	0.0
k__Bacteria|p__Proteobacteria|c__Gammaproteobacteria|o__Pasteurellales|f__Pasteurellaceae|g__Aggregatibacter	0.30798	0.0	0.0	0.0	26.4478	0.0	1.39467	0.0	0.0	0.0	0.0	2.89057
k__Bacteria|p__Proteobacteria|c__Gammaproteobacteria|o__Pasteurellales|f__Pasteurellaceae|g__Aggregatibacter|s__Aggregatibacter_segnis	0.0	0.0	0.0	0.0	19.2214	0.0	0.0	0.0	0.0	0.0	0.0	0.0
k__Bacteria|p__Proteobacteria|c__Gammaproteobacteria|o__Pasteurellales|f__Pasteurellaceae|g__Aggregatibacter|s__Aggregatibacter_segnis|t__GCF_000185305	0.0	0.0	0.0	0.0	19.2214	0.0	0.0	0.0	0.0	0.0	0.0	0.0
k__Bacteria|p__Proteobacteria|c__Gammaproteobacteria|o__Pasteurellales|f__Pasteurellaceae|g__Aggregatibacter|s__Aggregatibacter_unclassified	0.30798	0.0	0.0	0.0	7.2264	0.0	1.39467	0.0	0.0	0.0	0.0	2.89057
k__Bacteria|p__Proteobacteria|c__Gammaproteobacteria|o__Pasteurellales|f__Pasteurellaceae|g__Haemophilus	0.0	41.97796	10.16563	18.38749	0.0	9.24825	0.0	8.13551	9.21949	30.02137	36.02736	17.9547
k__Bacteria|p__Proteobacteria|c__Gammaproteobacteria|o__Pasteurellales|f__Pasteurellaceae|g__Haemophilus|s__Haemophilus_haemolyticus	0.0	0.0	0.0	0.0	0.0	0.0	0.0	0.0	0.0	0.0	0.0	9.1643
k__Bacteria|p__Proteobacteria|c__Gammaproteobacteria|o__Pasteurellales|f__Pasteurellaceae|g__Haemophilus|s__Haemophilus_haemolyticus|t__GCF_000262285	0.0	0.0	0.0	0.0	0.0	0.0	0.0	0.0	0.0	0.0	0.0	9.1643
k__Bacteria|p__Proteobacteria|c__Gammaproteobacteria|o__Pasteurellales|f__Pasteurellaceae|g__Haemophilus|s__Haemophilus_influenzae	0.0	0.0	0.0	0.0	0.0	0.0	0.0	0.0	0.0	0.0	0.0	4.55748
k__Bacteria|p__Proteobacteria|c__Gammaproteobacteria|o__Pasteurellales|f__Pasteurellaceae|g__Haemophilus|s__Haemophilus_influenzae|t__Haemophilus_influenzae_unclassified	0.0	0.0	0.0	0.0	0.0	0.0	0.0	0.0	0.0	0.0	0.0	4.55748
k__Bacteria|p__Proteobacteria|c__Gammaproteobacteria|o__Pasteurellales|f__Pasteurellaceae|g__Haemophilus|s__Haemophilus_parahaemolyticus	0.0	0.0	0.0	2.24695	0.0	0.0	0.0	0.0	0.0	13.61975	0.0	0.0
k__Bacteria|p__Proteobacteria|c__Gammaproteobacteria|o__Pasteurellales|f__Pasteurellaceae|g__Haemophilus|s__Haemophilus_parahaemolyticus|t__GCF_000262265	0.0	0.0	0.0	2.24695	0.0	0.0	0.0	0.0	0.0	13.61975	0.0	0.0
k__Bacteria|p__Proteobacteria|c__Gammaproteobacteria|o__Pasteurellales|f__Pasteurellaceae|g__Haemophilus|s__Haemophilus_parainfluenzae	0.0	5.62526	10.16563	13.85807	0.0	9.24825	0.0	8.13551	9.21949	9.66513	36.02736	4.23292
k__Bacteria|p__Proteobacteria|c__Gammaproteobacteria|o__Pasteurellales|f__Pasteurellaceae|g__Haemophilus|s__Haemophilus_parainfluenzae|t__Haemophilus_parainfluenzae_unclassified	0.0	5.62526	10.16563	13.85807	0.0	9.24825	0.0	8.13551	9.21949	9.66513	36.02736	4.23292
k__Bacteria|p__Proteobacteria|c__Gammaproteobacteria|o__Pasteurellales|f__Pasteurellaceae|g__Haemophilus|s__Haemophilus_paraphrohaemolyticus	0.0	0.0	0.0	0.0	0.0	0.0	0.0	0.0	0.0	3.34924	0.0	0.0
k__Bacteria|p__Proteobacteria|c__Gammaproteobacteria|o__Pasteurellales|f__Pasteurellaceae|g__Haemophilus|s__Haemophilus_paraphrohaemolyticus|t__GCF_000260675	0.0	0.0	0.0	0.0	0.0	0.0	0.0	0.0	0.0	3.34924	0.0	0.0
k__Bacteria|p__Proteobacteria|c__Gammaproteobacteria|o__Pasteurellales|f__Pasteurellaceae|g__Haemophilus|s__Haemophilus_sputorum	0.0	36.3527	0.0	2.28247	0.0	0.0	0.0	0.0	0.0	3.38725	0.0	0.0
k__Bacteria|p__Proteobacteria|c__Gammaproteobacteria|o__Pasteurellales|f__Pasteurellaceae|g__Haemophilus|s__Haemophilus_sputorum|t__Haemophilus_sputorum_unclassified	0.0	36.3527	0.0	2.28247	0.0	0.0	0.0	0.0	0.0	3.38725	0.0	0.0
k__Bacteria|p__Spirochaetes	0.0	0.0	0.0	0.0	0.0	0.0	0.0	0.0	0.0	0.0	0.0	1.35317
k__Bacteria|p__Spirochaetes|c__Spirochaetia	0.0	0.0	0.0	0.0	0.0	0.0	0.0	0.0	0.0	0.0	0.0	1.35317
k__Bacteria|p__Spirochaetes|c__Spirochaetia|o__Spirochaetales	0.0	0.0	0.0	0.0	0.0	0.0	0.0	0.0	0.0	0.0	0.0	1.35317
k__Bacteria|p__Spirochaetes|c__Spirochaetia|o__Spirochaetales|f__Spirochaetaceae	0.0	0.0	0.0	0.0	0.0	0.0	0.0	0.0	0.0	0.0	0.0	1.35317
k__Bacteria|p__Spirochaetes|c__Spirochaetia|o__Spirochaetales|f__Spirochaetaceae|g__Treponema	0.0	0.0	0.0	0.0	0.0	0.0	0.0	0.0	0.0	0.0	0.0	1.35317
k__Bacteria|p__Spirochaetes|c__Spirochaetia|o__Spirochaetales|f__Spirochaetaceae|g__Treponema|s__Treponema_denticola	0.0	0.0	0.0	0.0	0.0	0.0	0.0	0.0	0.0	0.0	0.0	1.35317
k__Bacteria|p__Spirochaetes|c__Spirochaetia|o__Spirochaetales|f__Spirochaetaceae|g__Treponema|s__Treponema_denticola|t__Treponema_denticola_unclassified	0.0	0.0	0.0	0.0	0.0	0.0	0.0	0.0	0.0	0.0	0.0	1.35317
